subreddit,month,no_of_posts
reddit.com,2007-10,88601
politics,2007-10,34088
programming,2007-10,16162
science,2007-10,8326
entertainment,2007-10,819
gaming,2007-10,572
business,2007-10,526
gadgets,2007-10,314
sports,2007-10,300
nsfw,2007-10,287
bugs,2007-10,104
ads,2007-10,50
netsec,2007-10,43
tr,2007-10,41
ja,2007-10,33
it,2007-10,31
joel,2007-10,24
id,2007-10,20
features,2007-10,19
ru,2007-10,17
de,2007-10,15
request,2007-10,11
freeculture,2007-10,5
fr,2007-10,5
arxiv,2007-10,4
sl,2007-10,4
zh,2007-10,3
no,2007-10,1
sv,2007-10,1
es,2007-10,1
lipstick.com,2007-10,1
eo,2007-10,1
reddit.com,2007-11,223377
politics,2007-11,88473
programming,2007-11,32838
science,2007-11,17082
entertainment,2007-11,2450
business,2007-11,2156
gaming,2007-11,1780
gadgets,2007-11,1033
sports,2007-11,913
nsfw,2007-11,459
joel,2007-11,249
de,2007-11,247
features,2007-11,213
es,2007-11,187
ads,2007-11,187
ru,2007-11,137
ja,2007-11,136
netsec,2007-11,134
freeculture,2007-11,126
fr,2007-11,120
bugs,2007-11,112
request,2007-11,99
it,2007-11,82
tr,2007-11,65
id,2007-11,42
lipstick.com,2007-11,41
no,2007-11,35
eo,2007-11,26
vi,2007-11,26
olympics,2007-11,24
obama,2007-11,21
pl,2007-11,19
slate,2007-11,15
sl,2007-11,14
zh,2007-11,14
nytimes,2007-11,13
nl,2007-11,11
ca,2007-11,8
hu,2007-11,6
sv,2007-11,5
ko,2007-11,3
arxiv,2007-11,3
eu,2007-11,2
reddit.com,2007-12,195181
politics,2007-12,112025
programming,2007-12,31726
science,2007-12,15996
entertainment,2007-12,2517
gaming,2007-12,1915
business,2007-12,1526
gadgets,2007-12,929
sports,2007-12,689
ads,2007-12,173
nsfw,2007-12,167
netsec,2007-12,100
joel,2007-12,94
fr,2007-12,92
ja,2007-12,72
tr,2007-12,50
ru,2007-12,34
it,2007-12,32
de,2007-12,23
features,2007-12,17
request,2007-12,9
lipstick.com,2007-12,6
sl,2007-12,5
obama,2007-12,3
freeculture,2007-12,2
